"#","Title as listed on the site","URL","Is it a scheme of this Department?","What it actually is","Administered by","Where it should go","Comment","Source of validation"
"1","Pre-matric scholarship to the children of those engaged in occupations involving cleaning and prone to health hazards","https://www.dosje.gov.in/schemes-and-services/10663/","Yes — but already listed under another name","A duplicate listing","Department of Social Justice & Empowerment","Delete; 301 to Pre-Matric Scholarships Scheme for Scheduled Castes & Others","Empty page. The Department's own Pre-Matric Scholarship for Scheduled Castes & Others already carries this component (children in unclean occupations, Class I–X).","Annual Report 2025-26, ch.3 §3.2 and Notes on Demands for Grants 2026-27, Demand No.93 27 place children in hazardous cleaning occupations inside the Pre-Matric SC scheme; this page duplicates it and is empty."
"2","TERM LOAN","https://www.dosje.gov.in/schemes-and-services/2998/","No","A corporation s loan product or activity","NSFDC","Organisation → NSFDC → Loan schemes","An NSFDC lending product, not a Department scheme. Title is shouted (""TERM LOAN"") and the record carries no scheme name.","The record's own text names NSFDC as the lender. NSFDC's lending is reported in Annual Report 2025-26, ch.3 §3.34 as the corporation's activity, not as a Department scheme; no scheme line in Notes on Demands for Grants 2026-27, Demand No.93."
"3","Aajeevika Microfinance Yojana","https://www.dosje.gov.in/schemes-and-services/aajeevika-microfinance-yojana/","No","A corporation s loan product or activity","NSFDC","Organisation → NSFDC → Loan schemes","NSFDC micro-finance product routed through NBFC-MFIs.","The record's own text names NSFDC as the lender. NSFDC's lending is reported in Annual Report 2025-26, ch.3 §3.34 as the corporation's activity, not as a Department scheme; no scheme line in Notes on Demands for Grants 2026-27, Demand No.93."
"4","Ashram shalas","https://www.dosje.gov.in/schemes-and-services/ashram-shalas/","No","A State Government scheme","A State Government — not named on the page","DWBDNC → State schemes directory (name the State)","Ashram Shala is a State residential-school programme; 100% grant to NGOs to start schools. No line in the Demand for Grants.","Record's own text: Ashram Shala is a State residential-school programme; 100% grant to NGOs to open schools. Not in Annual Report 2025-26, ch.3; no line in Notes on Demands for Grants 2026-27, Demand No.93."
"5","Assistance for Skill Development of OBCs/DNTs/EBCs","https://www.dosje.gov.in/schemes-and-services/assistance-for-skill-development-of-obcs-dnts-ebcs/","No","A corporation s loan product or activity","NBCFDC","Organisation → NBCFDC → Grants to NGOs","NBCFDC grant to NGOs for skill development — the record itself says ""NGOs seeking grants from NBCFDC"".","The record's own text names NBCFDC as the lender. NBCFDC's lending is reported in Annual Report 2025-26, ch.3 §3.36 as the corporation's activity, not as a Department scheme; no scheme line in Notes on Demands for Grants 2026-27, Demand No.93. The record itself says ""NGOs seeking grants from NBCFDC""."
"6","Assistance to Students of DNTs studying in Self Financed Institutes","https://www.dosje.gov.in/schemes-and-services/assistance-to-students-of-dnts-studying-in-self-financed-institutes/","No","A State Government scheme","A State Government — not named on the page","DWBDNC → State schemes directory","A State DNT scholarship for self-financed institutes; not in the Annual Report or Demand for Grants.","Record's own text: a State DNT scholarship for self-financed institutes, benefit stated in State rupee terms. Not in Annual Report 2025-26, ch.3; no line in Notes on Demands for Grants 2026-27, Demand No.93."
"7","Atal Vayo Abhyuday Yojana (AVYAY)","https://www.dosje.gov.in/schemes-and-services/atal-vayo-abhyuday-yojana-avyay/","Yes","A scheme of this Department","Department of Social Justice & Empowerment","Stays","Umbrella scheme for senior citizens. Central Sector + Centrally Sponsored components.","Annual Report 2025-26, ch.3 §3.14 (AVYAY, components A–F); Notes on Demands for Grants 2026-27, Demand No.93 18 and 31."
"8","Award of stipend to VJNT and SBC students studying in ITI","https://www.dosje.gov.in/schemes-and-services/award-of-stipend-to-vjnt-and-sbc-students-studying-in-iti/","No","A State Government scheme","Government of Maharashtra (inferred)","DWBDNC → State schemes directory (Maharashtra)","Maharashtra (VJNT/SBC categories, ITI stipend).","Record's own text: VJNT/SBC are the category names used by Maharashtra, not by the Union. Not in Annual Report 2025-26, ch.3; no line in Notes on Demands for Grants 2026-27, Demand No.93."
"9","Awareness Camp: NBCFDC","https://www.dosje.gov.in/schemes-and-services/awareness-camp-nbcfdc/","No","A corporation s loan product or activity","NBCFDC","Organisation → NBCFDC → Activities; or delete","Empty page. An NBCFDC outreach activity, not a scheme.","The record's own text names NBCFDC as the lender. NBCFDC's lending is reported in Annual Report 2025-26, ch.3 §3.36 as the corporation's activity, not as a Department scheme; no scheme line in Notes on Demands for Grants 2026-27, Demand No.93. An outreach activity; the page is empty."
"10","Awareness Camps","https://www.dosje.gov.in/schemes-and-services/awareness-camps/","No","A corporation s loan product or activity","NSKFDC","Organisation → NSKFDC → Activities","NSKFDC outreach activity run with its State Channelising Agencies.","The record's own text names NSKFDC as the lender. NSKFDC's lending is reported in Annual Report 2025-26, ch.3 §3.35 as the corporation's activity, not as a Department scheme; no scheme line in Notes on Demands for Grants 2026-27, Demand No.93. The record describes camps run with State Channelising Agencies."
"11","Awareness Program and Grant","https://www.dosje.gov.in/schemes-and-services/awareness-program-and-grant/","To confirm","Status unconfirmed","Not stated on the page","Hold until the owner is confirmed","Two lines of text; ""NGOs working for DNTs"". No owner named — DWBDNC or a State.","Two lines of text naming only ""NGOs working for DNTs"". No administering body stated anywhere in the record."
"12","Babu Jagjivan Ram All India Essay Competition Scheme","https://www.dosje.gov.in/schemes-and-services/babu-jagjivan-ram-all-india-essay-competition-scheme/","Yes","A scheme of this Department","Babu Jagjivan Ram National Foundation","Organisation → BJRNF → Schemes; write the content","Babu Jagjivan Ram National Foundation scheme — genuine, but the page is empty.","Babu Jagjivan Ram National Foundation is an autonomous body of the Department (its organisation pages are published on this site). The scheme is not separately cited in Annual Report 2025-26, ch.3; the page is empty."
"13","Babu Jagjivan Ram Chair Scheme","https://www.dosje.gov.in/schemes-and-services/babu-jagjivan-ram-chair-scheme/","Yes","A scheme of this Department","Babu Jagjivan Ram National Foundation","Organisation → BJRNF → Schemes; write the content","BJRNF scheme; page is empty.","BJRNF scheme, as above. Not separately cited in Annual Report 2025-26, ch.3; the page is empty."
"14","Babu Jagjivan Ram Scheme for Celebration of Birth-Death Anniversary of Great Saints","https://www.dosje.gov.in/schemes-and-services/babu-jagjivan-ram-scheme-for-celebration-of-birth-death-anniversary-of-great-saints/","Yes","A scheme of this Department","Babu Jagjivan Ram National Foundation","Organisation → BJRNF → Schemes; write the content","BJRNF scheme; page is empty.","BJRNF scheme, as above. Not separately cited in Annual Report 2025-26, ch.3; the page is empty."
"15","Basti Development Scheme","https://www.dosje.gov.in/schemes-and-services/basti-development-scheme/","No","A State Government scheme","A State Government — not named on the page","DWBDNC → State schemes directory","A State DNT basti-development programme. Carries the SHRESHTA standfirst by mistake.","Record's own text: a State DNT basti-development programme, sector given as ""Social Remedies"". Not in Annual Report 2025-26, ch.3; no line in Notes on Demands for Grants 2026-27, Demand No.93."
"16","Central Sector Scheme of National Overseas Scholarship","https://www.dosje.gov.in/schemes-and-services/central-sector-scheme-of-national-overseas-scholarship/","Yes — but already listed under another name","A duplicate listing","Department of Social Justice & Empowerment","Merge into the NOS record; 301","Same scheme as National Overseas Scholarship (NOS) for SC etc. Candidates, listed twice under two names.","Annual Report 2025-26, ch.3 §3.4; Notes on Demands for Grants 2026-27, Demand No.93 8.04; PIB Year-End Review 2025. Same scheme as record 77."
"17","Central Sector Scholarship of Top Class Education for SC Students","https://www.dosje.gov.in/schemes-and-services/central-sector-scholarship-of-top-class-education-for-sc-students/","Yes","A scheme of this Department","Department of Social Justice & Empowerment","Stays","Central Sector, SHREYAS for SCs.","Annual Report 2025-26, ch.3 §3.5; Notes on Demands for Grants 2026-27, Demand No.93 8.03; PIB Year-End Review 2025."
"18","Centrally Sponsored Scheme for implementation of the Protection of Civil Rights Act, 1955 and the Scheduled Castes and the Scheduled Tribes (Prevention of Atrocities) Act, 1989","https://www.dosje.gov.in/schemes-and-services/centrally-sponsored-scheme-for-implementation-of-the-protection-of-civil-rights-act-1955-and-the-scheduled-castes-and-the-scheduled-tribes-prevention-of-atrocities-act-1989/","Yes","A scheme of this Department","Department of Social Justice & Empowerment","Stays","Centrally Sponsored, Umbrella Scheme for Development of SCs.","Annual Report 2025-26, ch.3 §3.9; Notes on Demands for Grants 2026-27, Demand No.93 29; PIB Year-End Review 2025."
"19","Changes in the centrally sponsored scheme of Pre-Matric Scholarship to children of those engaged in ‘unclean’ occupations","https://www.dosje.gov.in/schemes-and-services/changes-in-the-centrally-sponsored-scheme-of-pre-matric-scholarship-to-children-of-those-engaged-in-unclean-occupations/","No","A document","Not stated on the page","Documents → Circulars & Notifications","Empty page. An amendment to a scheme, i.e. a circular.","The title is an amendment to a scheme, i.e. a circular; the body is empty."
"20","Civil Service Incentive Scheme","https://www.dosje.gov.in/schemes-and-services/civil-service-incentive-scheme/","No","A State Government scheme","Government of Madhya Pradesh (stated on the page)","DWBDNC → State schemes directory (Madhya Pradesh)","Madhya Pradesh — the page names MP State Civil Service.","Record's own text: the record names MP State Civil Service. Not in Annual Report 2025-26, ch.3; no line in Notes on Demands for Grants 2026-27, Demand No.93."
"21","CM Housing Rent Scheme","https://www.dosje.gov.in/schemes-and-services/cm-housing-rent-scheme/","No","A State Government scheme","A State Government — not named on the page","DWBDNC → State schemes directory","A State Chief Minister's housing-rent scheme for DNT college students. Also filed under ""Education"" while it is housing.","Record's own text: a Chief Minister's housing-rent scheme for DNT college students. Not in Annual Report 2025-26, ch.3; no line in Notes on Demands for Grants 2026-27, Demand No.93."
"22","Commencement & Managment of Ashram Schools","https://www.dosje.gov.in/schemes-and-services/commencement-managment-of-ashram-schools/","No","A State Government scheme","A State Government — not named on the page","DWBDNC → State schemes directory","Ashram schools, Classes 1–5 — a State programme.","Record's own text: Ashram schools, Classes 1-5, a State programme. Not in Annual Report 2025-26, ch.3; no line in Notes on Demands for Grants 2026-27, Demand No.93."
"23","Construction of Hostels for OBC Boys and Girls","https://www.dosje.gov.in/schemes-and-services/construction-of-hostels-for-obc-boys-and-girls/","Yes — a component of another scheme","A scheme of this Department","Department of Social Justice & Empowerment","Nest under PM-YASASVI","Genuine, but it is the hostel component of PM-YASASVI, listed as a sibling of its own parent.","Annual Report 2025-26, ch.3 §3.22; Notes on Demands for Grants 2026-27, Demand No.93 30.03 — the hostel component of PM-YASASVI, not a scheme of its own."
"24","Credit Enhancement Guarantee Scheme for the Scheduled Castes (SCs)","https://www.dosje.gov.in/schemes-and-services/credit-enhancement-guarantee-scheme-for-the-scheduled-castes-scs/","To confirm","Status unconfirmed","Not stated on the page","Confirm with the Department; archive if closed","A Union scheme on the legacy site, but no line in the Demand for Grants 2026-27 and no section in the Annual Report 2025-26.","Not in Annual Report 2025-26, ch.3; no line in Notes on Demands for Grants 2026-27, Demand No.93. Present on the legacy socialjustice.gov.in site only."
"25","Data of Central Assistance released to States/UTs for last 5 years i.e 2020-21 to 2024-25 along with no. of atrocity victims and no. of couples provided incentives","https://www.dosje.gov.in/schemes-and-services/data-of-central-assistance-released-to-states-uts-for-last-5-years-i-e-2020-21-to-2024-25-along-with-no-of-atrocity-victims-and-no-of-couples-provided-incentives/","No","A status or achievement table","Not stated on the page","Dashboard / Statistics, or RTI suo-moto disclosure","Empty page. A five-year release-and-beneficiary table.","The record's own title is a status/achievement table and the body is empty."
"26","District Level Prizes for Public Examination: 10th and 12th","https://www.dosje.gov.in/schemes-and-services/district-level-prizes-for-public-examination-10th-and-12th/","No","A State Government scheme","Government of Tamil Nadu (inferred)","DWBDNC → State schemes directory (Tamil Nadu)","Tamil Nadu — BC/MBC categories and Tamil as first language.","Record's own text: BC/MBC categories and ""Tamil as first language"" — Tamil Nadu. Not in Annual Report 2025-26, ch.3; no line in Notes on Demands for Grants 2026-27, Demand No.93."
"27","DNT Employment Scheme","https://www.dosje.gov.in/schemes-and-services/dnt-employment-scheme/","No","A State Government scheme","A State Government — not named on the page","DWBDNC → State schemes directory","A State BPL employment scheme for DNTs.","Record's own text: a State BPL employment scheme for DNTs. Not in Annual Report 2025-26, ch.3; no line in Notes on Demands for Grants 2026-27, Demand No.93."
"28","Dr. Ambedkar Centre of Excellence – Free Coaching Scheme","https://www.dosje.gov.in/schemes-and-services/dr-ambedkar-centre-of-excellence-free-coaching-scheme-2/","Yes — but already listed under another name","A duplicate listing","Department of Social Justice & Empowerment","Merge with Free Coaching for SCs, OBCs and PM CARES Children","The same Free Coaching scheme as the record below it, under the DACE name.","Annual Report 2025-26, ch.3 §3.6; Notes on Demands for Grants 2026-27, Demand No.93 8.02. Same scheme as record 45, under the DACE name."
"29","Dr. Ambedkar Chairs (Revised in 2022)","https://www.dosje.gov.in/schemes-and-services/dr-ambedkar-chairs-revised-in-2022-2/","Yes","A scheme of this Department","Dr. Ambedkar Foundation","Organisation → Dr. Ambedkar Foundation → Schemes","Dr. Ambedkar Foundation scheme.","Dr. Ambedkar Foundation is a body of the Department (Annual Report 2025-26, ch.3 §3.31). This scheme is not separately cited in ch.3; the record itself is a DAF scheme page."
"30","Dr. Ambedkar Foundation National Essay Competition Scheme","https://www.dosje.gov.in/schemes-and-services/dr-ambedkar-foundation-national-essay-competition-scheme-2/","Yes","A scheme of this Department","Dr. Ambedkar Foundation","Organisation → Dr. Ambedkar Foundation → Schemes","Dr. Ambedkar Foundation scheme.","DAF scheme, as above; not separately cited in Annual Report 2025-26, ch.3 ch.3."
"31","Dr Ambedkar International Centre","https://www.dosje.gov.in/schemes-and-services/dr-ambedkar-international-centre-2/","No","An organisation or institution","Dr. Ambedkar International Centre","Delete; 301 to the DAIC organisation page","A building and an institution, not a scheme — and it already has its own organisation pages on this site.","An institution, not a programme. The site already publishes DAIC organisation pages (organisation.json, slug dr-ambedkar-international-centre)."
"32","Dr. Ambedkar Medical Aid Scheme (Revised in 2026)","https://www.dosje.gov.in/schemes-and-services/dr-ambedkar-medical-aid-scheme/","Yes","A scheme of this Department","Dr. Ambedkar Foundation","Organisation → Dr. Ambedkar Foundation → Schemes","Dr. Ambedkar Foundation scheme.","Annual Report 2025-26, ch.3 §3.31; PIB Year-End Review 2025."
"33","Dr. Ambedkar National Memorial","https://www.dosje.gov.in/schemes-and-services/dr-ambedkar-national-memorial-2/","No","An organisation or institution","Dr. Ambedkar Foundation / DAIC","Organisation → DAIC → Panchteerth, or About → Memorials","A memorial with visiting hours. Not a scheme.","A memorial with visiting hours. Not a programme; no budget line."
"34","Dr. Ambedkar National Merit Award for meritorious students of Secondary Examination belonging to Scheduled Castes and Scheduled Tribes","https://www.dosje.gov.in/schemes-and-services/dr-ambedkar-national-merit-award-for-meritorious-students-of-secondary-examination-belonging-to-scheduled-castes-and-scheduled-tribes-2/","Yes","A scheme of this Department","Dr. Ambedkar Foundation","Organisation → Dr. Ambedkar Foundation → Schemes","Dr. Ambedkar Foundation award scheme.","Annual Report 2025-26, ch.3 §3.31 (Dr. Ambedkar National Merit Awards); PIB Year-End Review 2025."
"35","Dr. Ambedkar National Merit Award Scheme for meritorious students of Senior Secondary School Examination belonging to Scheduled Caste","https://www.dosje.gov.in/schemes-and-services/dr-ambedkar-national-merit-award-scheme-for-meritorious-students-of-senior-secondary-school-examination-belonging-to-scheduled-caste-2/","Yes","A scheme of this Department","Dr. Ambedkar Foundation","Organisation → Dr. Ambedkar Foundation → Schemes","Dr. Ambedkar Foundation award scheme.","Annual Report 2025-26, ch.3 §3.31 (Dr. Ambedkar National Merit Awards); PIB Year-End Review 2025."
"36","Dr. Ambedkar Scheme for Celebration of Birth /Death Anniversary of Great Saints (Revised in 2022)","https://www.dosje.gov.in/schemes-and-services/dr-ambedkar-scheme-for-celebration-of-birth-death-anniversary-of-great-saints-revised-in-2022-2/","Yes","A scheme of this Department","Dr. Ambedkar Foundation","Organisation → Dr. Ambedkar Foundation → Schemes","Dr. Ambedkar Foundation grant scheme.","DAF scheme; not separately cited in Annual Report 2025-26, ch.3 ch.3."
"37","Dr. Ambedkar Scheme for Social Integration through Inter-Caste Marriages & Dr. Ambedkar National relief to the scheduled castes/scheduled tribes victims of Atrocities","https://www.dosje.gov.in/schemes-and-services/dr-ambedkar-scheme-for-social-integration-through-inter-caste-marriages-dr-ambedkar-national-relief-to-the-scheduled-castes-scheduled-tribes-victims-of-atrocities-2/","Yes","A scheme of this Department","Dr. Ambedkar Foundation","Organisation → Dr. Ambedkar Foundation → Schemes","Dr. Ambedkar Foundation scheme. Overlaps the inter-caste-marriage incentive inside the PCR/PoA scheme — say which is which.","DAF scheme; not separately cited in Annual Report 2025-26, ch.3 ch.3. Overlaps the inter-caste-marriage incentive inside Annual Report 2025-26, ch.3 §3.9."
"38","Dr. Ambedkar Scheme of Interest Subsidy on Educational Loan for Overseas Studies for OBCs & EBCs","https://www.dosje.gov.in/schemes-and-services/dr-ambedkar-scheme-of-interest-subsidy-on-educational-loan-for-overseas-studies-for-obcs-ebcs/","Yes","A scheme of this Department","Department of Social Justice & Empowerment","Stays; write the description","Central Sector interest subsidy for OBCs and EBCs. Page carries only a documents table, no description.","Annual Report 2025-26, ch.3 §3.24; Notes on Demands for Grants 2026-27, Demand No.93 13.02."
"39","Education Loan (EL)","https://www.dosje.gov.in/schemes-and-services/education-loan-el/","No","A corporation s loan product or activity","NSKFDC","Organisation → NSKFDC → Loan schemes","NSKFDC education loan product.","The record's own text names NSKFDC as the lender. NSKFDC's lending is reported in Annual Report 2025-26, ch.3 §3.35 as the corporation's activity, not as a Department scheme; no scheme line in Notes on Demands for Grants 2026-27, Demand No.93."
"40","EDUCATIONAL LOAN SCHEME(ELS)","https://www.dosje.gov.in/schemes-and-services/educational-loan-schemeels/","No","A corporation s loan product or activity","NBCFDC","Organisation → NBCFDC → Loan schemes","NBCFDC education loan product; the page is a rate table.","The record's own text names NBCFDC as the lender. NBCFDC's lending is reported in Annual Report 2025-26, ch.3 §3.36 as the corporation's activity, not as a Department scheme; no scheme line in Notes on Demands for Grants 2026-27, Demand No.93."
"41","Elderline","https://www.dosje.gov.in/schemes-and-services/elderline/","Yes — a component of another scheme","A scheme of this Department","Department of Social Justice & Empowerment","Stays","National helpline for senior citizens, 14567, under AVYAY.","Annual Report 2025-26, ch.3 §3.14 D; PIB Year-End Review 2025."
"42","Excellent Award Scheme for Social Workers","https://www.dosje.gov.in/schemes-and-services/excellent-award-scheme-for-social-workers/","No","A State Government scheme","Government of Madhya Pradesh (stated on the page)","DWBDNC → State schemes directory (Madhya Pradesh)","Madhya Pradesh — the page says MP residents.","Record's own text: the record names MP residents. Not in Annual Report 2025-26, ch.3; no line in Notes on Demands for Grants 2026-27, Demand No.93."
"43","Financial Assistance to the Students who Studied 10th Standard in Government Schools and Pursuing HSC in the Best Private Schools","https://www.dosje.gov.in/schemes-and-services/financial-assistance-to-the-students-who-studied-10th-standard-in-government-schools-and-pursuing-hsc-in-the-best-private-schools/","No","A State Government scheme","Government of Tamil Nadu (inferred)","DWBDNC → State schemes directory (Tamil Nadu)","Tamil Nadu — the page names private schools in Tamil Nadu.","Record's own text: the record names private schools in Tamil Nadu. Not in Annual Report 2025-26, ch.3; no line in Notes on Demands for Grants 2026-27, Demand No.93."
"44","Financial & Physical Achievements of last five years upto 31.03.2018 under loan schemes of NSKFDC","https://www.dosje.gov.in/schemes-and-services/financial-physical-achievements-of-last-five-years-upto-31-03-2018-under-loan-schemes-of-nskfdc/","No","A status or achievement table","NSKFDC","Dashboard / Statistics","Empty page. A five-year achievement table ending 31.03.2018 — eight years stale.","The record's own title is a status/achievement table and the body is empty. Its own period ends 31.03.2018."
"45","Free Coaching for SCs, OBCs and beneficiaries of PM CARES Children Scheme","https://www.dosje.gov.in/schemes-and-services/free-coaching-for-scs-obcs-and-beneficiaries-of-pm-cares-children-scheme/","Yes","A scheme of this Department","Department of Social Justice & Empowerment","Stays; absorb the DACE duplicate","Central Sector, SHREYAS for SCs.","Annual Report 2025-26, ch.3 §3.6; Notes on Demands for Grants 2026-27, Demand No.93 8.02; PIB Year-End Review 2025."
"46","Free Education for 3 year polytechnic courses","https://www.dosje.gov.in/schemes-and-services/free-education-for-3-year-polytechnic-courses/","No","A State Government scheme","Government of Tamil Nadu (inferred)","DWBDNC → State schemes directory (Tamil Nadu)","Tamil Nadu polytechnic fee waiver (BC/MBC).","Record's own text: BC/MBC polytechnic fee waiver — Tamil Nadu. Not in Annual Report 2025-26, ch.3; no line in Notes on Demands for Grants 2026-27, Demand No.93."
"47","Free education in Professional Courses","https://www.dosje.gov.in/schemes-and-services/free-education-in-professional-courses/","No","A State Government scheme","Government of Tamil Nadu (inferred)","DWBDNC → State schemes directory (Tamil Nadu)","Tamil Nadu — OBC/MBC/DNT, first-generation graduates.","Record's own text: OBC/MBC/DNT, first-generation graduates — MBC is a Tamil Nadu category. Not in Annual Report 2025-26, ch.3; no line in Notes on Demands for Grants 2026-27, Demand No.93."
"48","Free Education in Undergraduate Colleges","https://www.dosje.gov.in/schemes-and-services/free-education-in-undergraduate-colleges/","No","A State Government scheme","Government of Tamil Nadu (inferred)","DWBDNC → State schemes directory (Tamil Nadu)","Tamil Nadu — OBC/MBC/DNT undergraduates in government colleges.","Record's own text: OBC/MBC/DNT undergraduates in government colleges — Tamil Nadu. Not in Annual Report 2025-26, ch.3; no line in Notes on Demands for Grants 2026-27, Demand No.93."
"49","Gadia Lohar Scheme","https://www.dosje.gov.in/schemes-and-services/gadia-lohar-scheme/","No","A State Government scheme","Government of Rajasthan (inferred)","DWBDNC → State schemes directory (Rajasthan)","Rajasthan — Gadia Lohar is a Rajasthan DNT community. The page is one line and a ""Click Here"".","Record's own text: Gadia Lohar is a Rajasthan De-notified community. Not in Annual Report 2025-26, ch.3; no line in Notes on Demands for Grants 2026-27, Demand No.93."
"50","General Term Loan (GTL)","https://www.dosje.gov.in/schemes-and-services/general-term-loan-tl/","No","A corporation s loan product or activity","NSKFDC","Organisation → NSKFDC → Loan schemes","NSKFDC term-loan product.","The record's own text names NSKFDC as the lender. NSKFDC's lending is reported in Annual Report 2025-26, ch.3 §3.35 as the corporation's activity, not as a Department scheme; no scheme line in Notes on Demands for Grants 2026-27, Demand No.93."
"51","Geriatric Caregivers Training","https://www.dosje.gov.in/schemes-and-services/geriatric-caregivers-training/","Yes — but already listed under another name","A duplicate listing","Department of Social Justice & Empowerment","Merge into one record","The same AVYAY caregiver training as the PM Special record.","Annual Report 2025-26, ch.3 §3.14 F. Same scheme as record 86."
"52","Girls Literacy Promotion Scheme Class 11th","https://www.dosje.gov.in/schemes-and-services/girls-literacy-promotion-scheme-class-11th/","No","A State Government scheme","Government of Madhya Pradesh (stated on the page)","DWBDNC → State schemes directory (Madhya Pradesh)","Madhya Pradesh DNT girls' scholarship.","Record's own text: Madhya Pradesh DNT girls' scholarship. Not in Annual Report 2025-26, ch.3; no line in Notes on Demands for Grants 2026-27, Demand No.93."
"53","Green Business Scheme","https://www.dosje.gov.in/schemes-and-services/green-business-scheme/","No","A corporation s loan product or activity","NSKFDC","Organisation → NSKFDC → Loan schemes","NSKFDC lending product for green enterprises.","The record's own text names NSKFDC as the lender. NSKFDC's lending is reported in Annual Report 2025-26, ch.3 §3.35 as the corporation's activity, not as a Department scheme; no scheme line in Notes on Demands for Grants 2026-27, Demand No.93."
"54","Group Loan Scheme","https://www.dosje.gov.in/schemes-and-services/group-loan-scheme/","No","A corporation s loan product or activity","NBCFDC","Organisation → NBCFDC → Loan schemes","NBCFDC self-help-group loan product.","The record's own text names NBCFDC as the lender. NBCFDC's lending is reported in Annual Report 2025-26, ch.3 §3.36 as the corporation's activity, not as a Department scheme; no scheme line in Notes on Demands for Grants 2026-27, Demand No.93."
"55","Guidelines of National Action for Mechanized Sanitation Ecosystem (NAMASTE) Scheme","https://www.dosje.gov.in/schemes-and-services/guidelines-of-national-action-for-mechanized-sanitation-ecosystem-namaste-scheme-2/","No","A document","Not stated on the page","Documents → Acts, Rules & Guidelines; link from the NAMASTE record","Empty page. The guideline document of the NAMASTE scheme, listed as if it were a scheme.","The record has a document title and an empty body — it is the document, not the programme."
"56","Housing Plan","https://www.dosje.gov.in/schemes-and-services/housing-plan/","No","A State Government scheme","A State Government — not named on the page","DWBDNC → State schemes directory","A State DNT housing plan; two lines of text.","Record's own text: a State DNT housing plan. Not in Annual Report 2025-26, ch.3; no line in Notes on Demands for Grants 2026-27, Demand No.93."
"57","Housing Scheme for Scheduled Castes and DNTs","https://www.dosje.gov.in/schemes-and-services/housing-scheme-for-scheduled-castes-and-dnts/","No","A State Government scheme","A State Government — not named on the page","DWBDNC → State schemes directory","A State housing scheme for SCs and DNTs.","Record's own text: a State housing scheme for SCs and DNTs. Not in Annual Report 2025-26, ch.3; no line in Notes on Demands for Grants 2026-27, Demand No.93."
"58","Individual Loan Scheme","https://www.dosje.gov.in/schemes-and-services/individual-loan-scheme/","No","A corporation s loan product or activity","NBCFDC","Organisation → NBCFDC → Loan schemes","NBCFDC individual loan product.","The record's own text names NBCFDC as the lender. NBCFDC's lending is reported in Annual Report 2025-26, ch.3 §3.36 as the corporation's activity, not as a Department scheme; no scheme line in Notes on Demands for Grants 2026-27, Demand No.93."
"59","Infrastructure for Nomadic/Semi Nomadic Tribes- Concrete Roads and Drainage","https://www.dosje.gov.in/schemes-and-services/infrastructure-for-nomadic-semi-nomadic-tribes-concrete-roads-and-drainage/","No","A State Government scheme","A State Government — not named on the page","DWBDNC → State schemes directory","State infrastructure works — roads and drainage in DNT settlements.","Record's own text: State roads and drainage works in DNT settlements. Not in Annual Report 2025-26, ch.3; no line in Notes on Demands for Grants 2026-27, Demand No.93."
"60","Integrated Programme for Senior Citizens (IPSrC)","https://www.dosje.gov.in/schemes-and-services/integrated-programme-for-senior-citizens-ipsrc/","Yes — a component of another scheme","A scheme of this Department","Department of Social Justice & Empowerment","Stays; cut to a page and link the PDF","AVYAY sub-scheme. The page is 157 KB of pasted guideline text — the whole PDF inside a web page.","Annual Report 2025-26, ch.3 §3.14 A; Notes on Demands for Grants 2026-27, Demand No.93 31; PIB Year-End Review 2025."
"61","ITIs Improvement of Education, Arts","https://www.dosje.gov.in/schemes-and-services/itis-improvement-of-education-arts/","No","A State Government scheme","Government of Madhya Pradesh (stated on the page)","DWBDNC → State schemes directory (Madhya Pradesh)","Madhya Pradesh — the page names natives of MP.","Record's own text: the record names natives of MP. Not in Annual Report 2025-26, ch.3; no line in Notes on Demands for Grants 2026-27, Demand No.93."
"62","Legal Aid to the Scheduled Castes and Vimukta Jatis","https://www.dosje.gov.in/schemes-and-services/legal-aid-to-the-scheduled-castes-and-vimukta-jatis/","No","A State Government scheme","A State Government — not named on the page","DWBDNC → State schemes directory","A State legal-aid scheme for SCs and Vimukta Jatis.","Record's own text: a State legal-aid scheme for SCs and Vimukta Jatis. Not in Annual Report 2025-26, ch.3; no line in Notes on Demands for Grants 2026-27, Demand No.93."
"63","List of 46 offences under the SC and ST PoA Act, 1989","https://www.dosje.gov.in/schemes-and-services/list-of-46-offences-under-the-sc-and-st-poa-act-1989/","No","A reference list","Not stated on the page","Acts & Rules, as an annexe to the PoA Act 1989","Empty page. A list of offences under an Act — reference material, not a scheme.","A list of offences under an Act. Reference material; the body is empty."
"64","Loan Schemes Flyer","https://www.dosje.gov.in/schemes-and-services/loan-schemes-flyer/","No","A document","NBCFDC","Documents → Publications; or NBCFDC → Downloads","A publicity flyer for NBCFDC's loan schemes.","The record's own text names NBCFDC as the lender. NBCFDC's lending is reported in Annual Report 2025-26, ch.3 §3.36 as the corporation's activity, not as a Department scheme; no scheme line in Notes on Demands for Grants 2026-27, Demand No.93. The record is a publicity flyer."
"65","Mahila Adhikarita Yojana (MAY)","https://www.dosje.gov.in/schemes-and-services/mahila-adhikarita-yojana-may/","No","A corporation s loan product or activity","NSKFDC","Organisation → NSKFDC → Loan schemes","NSKFDC women's loan product.","The record's own text names NSKFDC as the lender. NSKFDC's lending is reported in Annual Report 2025-26, ch.3 §3.35 as the corporation's activity, not as a Department scheme; no scheme line in Notes on Demands for Grants 2026-27, Demand No.93."
"66","Mahila Samridhi Yojna (MSY)","https://www.dosje.gov.in/schemes-and-services/mahila-samridhi-yojna-msy/","No","A corporation s loan product or activity","NSKFDC","Organisation → NSKFDC → Loan schemes","NSKFDC women's loan product.","The record's own text names NSKFDC as the lender. NSKFDC's lending is reported in Annual Report 2025-26, ch.3 §3.35 as the corporation's activity, not as a Department scheme; no scheme line in Notes on Demands for Grants 2026-27, Demand No.93."
"67","Maintenance allowance to Backward Class students under training in Sainik Schools.","https://www.dosje.gov.in/schemes-and-services/maintenance-allowance-to-backward-class-students-under-training-in-sainik-schools/","No","A State Government scheme","Government of Maharashtra (inferred)","DWBDNC → State schemes directory (Maharashtra)","Maharashtra — VJNT/SBC students in Sainik Schools.","Record's own text: VJNT/SBC are the category names used by Maharashtra, not by the Union; Sainik School maintenance allowance. Not in Annual Report 2025-26, ch.3; no line in Notes on Demands for Grants 2026-27, Demand No.93."
"68","Meritorious Scholarships to VJNT and SBC Students Studying in Secondary Schools","https://www.dosje.gov.in/schemes-and-services/meritorious-scholarships-to-vjnt-and-sbc-students-studying-in-secondary-schools/","No","A State Government scheme","Government of Maharashtra (inferred)","DWBDNC → State schemes directory (Maharashtra)","Maharashtra — VJNT/SBC secondary-school merit scholarship.","Record's own text: VJNT/SBC are the category names used by Maharashtra, not by the Union. Not in Annual Report 2025-26, ch.3; no line in Notes on Demands for Grants 2026-27, Demand No.93."
"69","Micro Credit Finance (MCF)","https://www.dosje.gov.in/schemes-and-services/micro-credit-finance-mcf/","No","A corporation s loan product or activity","NSKFDC","Organisation → NSKFDC → Loan schemes","NSKFDC micro-credit product.","The record's own text names NSKFDC as the lender. NSKFDC's lending is reported in Annual Report 2025-26, ch.3 §3.35 as the corporation's activity, not as a Department scheme; no scheme line in Notes on Demands for Grants 2026-27, Demand No.93."
"70","Micro Credit Finance (MCF)","https://www.dosje.gov.in/schemes-and-services/micro-credit-finance-mcf-2/","No","A duplicate listing","NSKFDC","Delete","Empty page with the identical title and an added ""-2"" in the address.","Empty page with the identical title to record 69 and ""-2"" appended to the web address."
"71","MICRO FINANCE SCHEME","https://www.dosje.gov.in/schemes-and-services/micro-finance-scheme/","No","A corporation s loan product or activity","NSFDC","Organisation → NSFDC → Loan schemes","NSFDC micro-finance product. Title is shouted.","The record's own text names NSFDC as the lender. NSFDC's lending is reported in Annual Report 2025-26, ch.3 §3.34 as the corporation's activity, not as a Department scheme; no scheme line in Notes on Demands for Grants 2026-27, Demand No.93."
"72","Mukhyamantri Vimukt, Ghumantu and Ardhghumantu Swarozgar Yojana (CM Self-Employment Scheme)","https://www.dosje.gov.in/schemes-and-services/mukhyamantri-vimukt-ghumantu-and-ardhghumantu-swarozgar-yojana-cm-self-employment-scheme/","No","A State Government scheme","Government of Madhya Pradesh (stated on the page)","DWBDNC → State schemes directory (Madhya Pradesh)","Madhya Pradesh Chief Minister's self-employment scheme for DNTs.","Record's own text: a Madhya Pradesh Chief Minister's self-employment scheme for DNTs. Not in Annual Report 2025-26, ch.3; no line in Notes on Demands for Grants 2026-27, Demand No.93."
"73","National Action for Mechanised Sanitation Ecosystem (NAMASTE)","https://www.dosje.gov.in/schemes-and-services/national-action-for-mechanised-sanitation-ecosystem-namaste/","Yes","A scheme of this Department","Department of Social Justice & Empowerment","Stays","Central Sector, with the Ministry of Housing and Urban Affairs.","Annual Report 2025-26, ch.3 §3.11; Notes on Demands for Grants 2026-27, Demand No.93 17; PIB Year-End Review 2025."
"74","National Action Plan for Drug Demand Reduction","https://www.dosje.gov.in/schemes-and-services/national-action-plan-for-drug-demand-reduction/","Yes","A scheme of this Department","Department of Social Justice & Empowerment","Stays","NAPDDR — Centrally Sponsored, and the parent of Nasha Mukt Bharat Abhiyaan.","Annual Report 2025-26, ch.3 §3.15; Notes on Demands for Grants 2026-27, Demand No.93 32; PIB Year-End Review 2025."
"75","National Fellowship for OBC Students (NF-OBC)","https://www.dosje.gov.in/schemes-and-services/national-fellowship-for-obc-students-nf-obc/","Yes","A scheme of this Department","Department of Social Justice & Empowerment","Stays","Central Sector fellowship for OBC students.","Annual Report 2025-26, ch.3 §3.23; Notes on Demands for Grants 2026-27, Demand No.93 13.01."
"76","National Fellowship for Scheduled Caste Students","https://www.dosje.gov.in/schemes-and-services/national-fellowship-for-scheduled-caste-students/","Yes","A scheme of this Department","Department of Social Justice & Empowerment","Stays","Central Sector fellowship for SC students.","Annual Report 2025-26, ch.3 §3.3; Notes on Demands for Grants 2026-27, Demand No.93 8.01; PIB Year-End Review 2025."
"77","National Overseas Scholarship (NOS) for SC etc. Candidates","https://www.dosje.gov.in/schemes-and-services/national-overseas-scholarship-nos-for-sc-etc-candidates/","Yes","A scheme of this Department","Department of Social Justice & Empowerment","Stays","Central Sector, SHREYAS for SCs. Absorbs the duplicate listed above.","Annual Report 2025-26, ch.3 §3.4; Notes on Demands for Grants 2026-27, Demand No.93 8.04; PIB Year-End Review 2025."
"78","National Safai Karamcharis Finance and Development Corporation (NSKFDC)","https://www.dosje.gov.in/schemes-and-services/national-safai-karamcharis-finance-and-development-corporation-nskfdc/","No","An organisation or institution","NSKFDC","Delete; 301 to the NSKFDC organisation page","A corporation, not a scheme — and it already has its own organisation pages.","A corporation, not a programme. The site already publishes NSKFDC organisation pages (organisation.json)."
"79","National Scheduled Castes Finance and Development Corporation (NSFDC)","https://www.dosje.gov.in/schemes-and-services/national-scheduled-castes-finance-and-development-corporation-nsfdc/","No","An organisation or institution","NSFDC","Delete; 301 to the NSFDC organisation page","A corporation, not a scheme — and it already has its own organisation pages.","A corporation, not a programme. The site already publishes NSFDC organisation pages (organisation.json)."
"80","Other Initiatives","https://www.dosje.gov.in/schemes-and-services/other-initiatives/","No","A memorandum of understanding","Not stated on the page","Documents → MoU","A memorandum of understanding signed in June 2026, published as a scheme.","The record's body is the text of a memorandum of understanding dated 26 June 2026."
"81","Pandit Din Dayal Upadhyay Awas Yojana (Housing Scheme)","https://www.dosje.gov.in/schemes-and-services/pandit-din-dayal-upadhyay-awas-yojana-housing-scheme/","No","A State Government scheme","A State Government — not named on the page","DWBDNC → State schemes directory","A State urban housing scheme. Also filed under ""Education"" while it is housing.","Record's own text: a State urban housing scheme with State assistance ceilings. Not in Annual Report 2025-26, ch.3; no line in Notes on Demands for Grants 2026-27, Demand No.93."
"82","PAY & Use TOILETS","https://www.dosje.gov.in/schemes-and-services/pay-use-toilets/","No","A corporation s loan product or activity","NSKFDC","Organisation → NSKFDC → Loan schemes","NSKFDC financing for pay-and-use community toilets.","The record's own text names NSKFDC as the lender. NSKFDC's lending is reported in Annual Report 2025-26, ch.3 §3.35 as the corporation's activity, not as a Department scheme; no scheme line in Notes on Demands for Grants 2026-27, Demand No.93."
"83","Payment of maintenance allowance to VJNT and SBC students studying in professional courses and living in hostel attached to professional colleges.","https://www.dosje.gov.in/schemes-and-services/payment-of-maintenance-allowance-to-vjnt-and-sbc-students-studying-in-professional-courses-and-living-in-hostel-attached-to-professional-colleges/","No","A State Government scheme","Government of Maharashtra (inferred)","DWBDNC → State schemes directory (Maharashtra)","Maharashtra — VJNT/SBC maintenance allowance.","Record's own text: VJNT/SBC are the category names used by Maharashtra, not by the Union. Not in Annual Report 2025-26, ch.3; no line in Notes on Demands for Grants 2026-27, Demand No.93."
"84","Performance Linked Grants-in-aid Scheme(PLGIA)","https://www.dosje.gov.in/schemes-and-services/performance-linked-grants-in-aid-schemeplgia/","No","A corporation s loan product or activity","One of the Department s corporations — not stated","Organisation → the owning corporation; write the content","Empty page. A performance-linked grant to the corporations' channelising agencies.","Empty page. A performance-linked grant to the corporations' channelising agencies; no administering body stated."
"85","PM-DAKSH","https://www.dosje.gov.in/schemes-and-services/pm-daksh/","Yes","A scheme of this Department","Department of Social Justice & Empowerment","Stays, with the merger stated","Central Sector skill training. The Demand for Grants 2026-27 records it merging into PM Kaushal Vikas Yojana — confirm before it is shown as open.","Annual Report 2025-26, ch.3 §3.13; Notes on Demands for Grants 2026-27, Demand No.93 11 — and Notes on Demands for Grants 2026-27, Demand No.93 11 records the merger into PM Kaushal Vikas Yojana from 2026-27."
"86","PM Special (Training of Geriatric Care Givers)","https://www.dosje.gov.in/schemes-and-services/pm-special-training-of-geriatric-care-givers/","Yes — a component of another scheme","A scheme of this Department","Department of Social Justice & Empowerment","Stays","AVYAY caregiver training; absorbs the duplicate above.","Annual Report 2025-26, ch.3 §3.14 F; PIB Year-End Review 2025."
"87","PM YASASVI","https://www.dosje.gov.in/schemes-and-services/pm-yasasvi/","Yes — but already listed under another name","A duplicate listing","Department of Social Justice & Empowerment","Merge into one record","The same PM-YASASVI umbrella as the record below it.","Annual Report 2025-26, ch.3 §3.18-3.22; Notes on Demands for Grants 2026-27, Demand No.93 30. Same umbrella as record 88."
"88","PM YOUNG ACHIEVERS SCHOLARSHIP AWARD SCHEME FOR VIBRANT INDIA FOR OBCs AND OTHERS (PM -YASASVI)","https://www.dosje.gov.in/schemes-and-services/pm-young-achievers-scholarship-award-scheme-for-vibrant-india-for-obcs-and-others-pm-yasasvi/","Yes","A scheme of this Department","Department of Social Justice & Empowerment","Stays; make the five sub-schemes children of it","Umbrella scheme for OBC, EBC and DNT students, with five sub-schemes.","Annual Report 2025-26, ch.3 §3.18-3.22; Notes on Demands for Grants 2026-27, Demand No.93 30.01-30.05 — five sub-schemes."
"89","Post Matric Scholarship","https://www.dosje.gov.in/schemes-and-services/post-matric-scholarship/","No","A State Government scheme","A State Government — not named on the page","DWBDNC → State schemes directory; remove the placeholder number","A State DNT post-matric scholarship. Also publishes a placeholder helpline, ""1800-123-4567"".","Record's own text: State scholarship rates and a State paying authority; the page also publishes a placeholder helpline, 1800-123-4567. Not in Annual Report 2025-26, ch.3; no line in Notes on Demands for Grants 2026-27, Demand No.93."
"90","Post-Matric Scholarship for SC students","https://www.dosje.gov.in/schemes-and-services/post-matric-scholarship-for-sc-students/","Yes","A scheme of this Department","Department of Social Justice & Empowerment","Stays","Centrally Sponsored, Umbrella Scheme for Development of SCs.","Annual Report 2025-26, ch.3 §3.1; Notes on Demands for Grants 2026-27, Demand No.93 26; PIB Year-End Review 2025."
"91","Post SSC Scholarship for Boys","https://www.dosje.gov.in/schemes-and-services/post-ssc-scholarship-for-boys/","No","A State Government scheme","A State Government — not named on the page","DWBDNC → State schemes directory","A State post-SSC scholarship; the income ceilings are a State's.","Record's own text: a State post-SSC scholarship; the income ceilings are a State's. Not in Annual Report 2025-26, ch.3; no line in Notes on Demands for Grants 2026-27, Demand No.93."
"92","Post SSC Scholarship to Girls","https://www.dosje.gov.in/schemes-and-services/post-ssc-scholarship-to-girls/","No","A State Government scheme","A State Government — not named on the page","DWBDNC → State schemes directory","A State post-SSC scholarship for girls. Carries the SHRESHTA standfirst by mistake.","Record's own text: a State post-SSC scholarship for girls. Not in Annual Report 2025-26, ch.3; no line in Notes on Demands for Grants 2026-27, Demand No.93."
"93","Pradhan Mantri Anusuchit Jaati Abhyuday Yojna (PM-AJAY)","https://www.dosje.gov.in/schemes-and-services/pradhan-mantri-anusuchit-jaati-abhyuday-yojna-pm-ajay/","Yes","A scheme of this Department","Department of Social Justice & Empowerment","Stays","Centrally Sponsored; Adarsh Gram, grants-in-aid and hostels.","Annual Report 2025-26, ch.3 §3.7; Notes on Demands for Grants 2026-27, Demand No.93 28; PIB Year-End Review 2025."
"94","Pre-Matric Scholarships Scheme for Scheduled Castes & Others","https://www.dosje.gov.in/schemes-and-services/pre-matric-scholarships-scheme-for-scheduled-castes-others/","Yes","A scheme of this Department","Department of Social Justice & Empowerment","Stays","Centrally Sponsored; covers Classes IX–X for SCs and Classes I–X for children in hazardous cleaning work.","Annual Report 2025-26, ch.3 §3.2; Notes on Demands for Grants 2026-27, Demand No.93 27; PIB Year-End Review 2025."
"95","Pre SSC Scholarship","https://www.dosje.gov.in/schemes-and-services/pre-ssc-scholarship/","No","A State Government scheme","A State Government — not named on the page","DWBDNC → State schemes directory","A State pre-SSC scholarship.","Record's own text: a State pre-SSC scholarship with State income ceilings. Not in Annual Report 2025-26, ch.3; no line in Notes on Demands for Grants 2026-27, Demand No.93."
"96","Primary Education","https://www.dosje.gov.in/schemes-and-services/primary-education/","No","A State Government scheme","A State Government — not named on the page","DWBDNC → State schemes directory","A State primary-education scholarship of Rs 15 a month, paid through a State Directorate of Public Instruction.","Record's own text: a scholarship of Rs 15 a month paid through a State Directorate of Public Instruction. Not in Annual Report 2025-26, ch.3; no line in Notes on Demands for Grants 2026-27, Demand No.93."
"97","Publication of the Collected Works of Baba Saheb Dr. B. R. Ambedkar (CWBA) in Hindi, English and other regional languages.","https://www.dosje.gov.in/schemes-and-services/publication-of-the-collected-works-of-baba-saheb-dr-b-r-ambedkar-cwba-in-hindi-english-and-other-regional-languages/","Yes","A scheme of this Department","Dr. Ambedkar Foundation","Organisation → Dr. Ambedkar Foundation → Publications","A Dr. Ambedkar Foundation publication programme; the page is a heading and nothing else.","A Dr. Ambedkar Foundation publication programme. Not cited as a scheme in Annual Report 2025-26, ch.3 ch.3; the page is a heading and nothing else."
"98","Purchase of Land to Provide Accomodation for the Homeless","https://www.dosje.gov.in/schemes-and-services/purchase-of-land-to-provide-accomodation-for-the-homeless/","No","A State Government scheme","A State Government — not named on the page","DWBDNC → State schemes directory","State land purchase for homeless DNT families.","Record's own text: State land purchase for homeless DNT families. Not in Annual Report 2025-26, ch.3; no line in Notes on Demands for Grants 2026-27, Demand No.93."
"99","Rajarshi Chhatrapati Shahu Maharaj Merit Scholarship","https://www.dosje.gov.in/schemes-and-services/rajarshi-chhatrapati-shahu-maharaj-merit-scholarship/","No","A State Government scheme","Government of Maharashtra (inferred)","DWBDNC → State schemes directory (Maharashtra)","Maharashtra — named for Rajarshi Shahu Maharaj, VJNT/SBC students.","Record's own text: VJNT/SBC are the category names used by Maharashtra, not by the Union; named for Rajarshi Shahu Maharaj. Not in Annual Report 2025-26, ch.3; no line in Notes on Demands for Grants 2026-27, Demand No.93."
"100","Rashtriya Vayoshri Yojana (RVY)","https://www.dosje.gov.in/schemes-and-services/rashtriya-vayoshri-yojana-rvy/","Yes — a component of another scheme","A scheme of this Department","Department of Social Justice & Empowerment","Stays; cut to a page and link the PDF","Central Sector, AVYAY. The page is 40 KB of pasted guideline text.","Annual Report 2025-26, ch.3 §3.14 C; Notes on Demands for Grants 2026-27, Demand No.93 18; PIB Year-End Review 2025."
"101","Revised Guidelines of National Action for Mechanized Sanitation Ecosystem (NAMASTE) Scheme","https://www.dosje.gov.in/schemes-and-services/revised-guidelines-of-national-action-for-mechanized-sanitation-ecosystem-namaste-scheme/","No","A document","Not stated on the page","Documents → Acts, Rules & Guidelines","Empty page. A revised guideline document of NAMASTE — the second of three NAMASTE guideline records.","The record has a document title and an empty body — it is the document, not the programme."
"102","Revised Scheme Guidelines For inclusion of Waste Pickers Component under NAMASTE","https://www.dosje.gov.in/schemes-and-services/revised-scheme-guidelines-for-inclusion-of-waste-pickers-component-under-namaste/","No","A document","Not stated on the page","Documents → Acts, Rules & Guidelines","Empty page. A third NAMASTE guideline document listed as a scheme.","The record has a document title and an empty body — it is the document, not the programme."
"103","Sanitary Marts Scheme","https://www.dosje.gov.in/schemes-and-services/sanitary-marts-scheme/","No","A corporation s loan product or activity","NSKFDC","Organisation → NSKFDC → Loan schemes","NSKFDC financing for sanitary marts.","The record's own text names NSKFDC as the lender. NSKFDC's lending is reported in Annual Report 2025-26, ch.3 §3.35 as the corporation's activity, not as a Department scheme; no scheme line in Notes on Demands for Grants 2026-27, Demand No.93."
"104","Savitribai Phule Scholarship for VJNT and SBC Girl Students","https://www.dosje.gov.in/schemes-and-services/savitribai-phule-scholarship-for-vjnt-and-sbc-girl-students/","No","A State Government scheme","Government of Maharashtra (inferred)","DWBDNC → State schemes directory (Maharashtra)","Maharashtra — VJNT/SBC girls' scholarship.","Record's own text: VJNT/SBC are the category names used by Maharashtra, not by the Union. Not in Annual Report 2025-26, ch.3; no line in Notes on Demands for Grants 2026-27, Demand No.93."
"105","Scheme For Residential Education For Students in High Schools in Targeted Areas (SHRESHTA)","https://www.dosje.gov.in/schemes-and-services/scheme-for-residential-education-for-students-in-high-schools-in-targeted-areas-shreshta/","Yes","A scheme of this Department","Department of Social Justice & Empowerment","Stays","Central Sector; residential education and grant-in-aid to NGO-run schools.","Annual Report 2025-26, ch.3 §3.10; Notes on Demands for Grants 2026-27, Demand No.93 9; PIB Year-End Review 2025."
"106","Scheme of Assistance to Scheduled Castes Development Corporations (SCDCs)","https://www.dosje.gov.in/schemes-and-services/scheme-of-assistance-to-scheduled-castes-development-corporations-scdcs/","To confirm","Status unconfirmed","Not stated on the page","Confirm with the Department; archive if closed","A 49:51 Centrally Sponsored share-capital scheme to State SC Development Corporations, but no matching line was found in the Demand for Grants 2026-27.","Not among the 38 records in the scheme master. The record describes a 49:51 Centrally Sponsored share-capital scheme; no matching line found in Notes on Demands for Grants 2026-27, Demand No.93."
"107","Scheme of National Awards for Outstanding Services in the field of Prevention of Alcoholism and Substance (Drug) Abuse","https://www.dosje.gov.in/schemes-and-services/scheme-of-national-awards-for-outstanding-services-in-the-field-of-prevention-of-alcoholism-and-substance-drug-abuse/","Yes","A scheme of this Department","Department of Social Justice & Empowerment","Stays; write the description","A Department award scheme under the drug-demand-reduction programme. The page is a documents table with no description.","A Department award scheme in the drug-demand-reduction programme. Not separately cited in Annual Report 2025-26, ch.3 ch.3; the page is a documents table only."
"108","Schemes Implemented By National Safai Karamcharis Finance & Development Corporation","https://www.dosje.gov.in/schemes-and-services/schemes-implemented-by-national-safai-karamcharis-finance-development-corporation/","No","A duplicate listing","NSKFDC","Delete; 301 to the NSKFDC organisation page","Empty page. An index of another organisation's schemes, listed as a scheme.","Empty page. An index of another organisation's schemes."
"109","SCHOLARSHIP FOR PM CARES CHILDREN","https://www.dosje.gov.in/schemes-and-services/scholarship-for-pm-cares-children/","Yes","A scheme of this Department","Department of Social Justice & Empowerment","Stays; write the description","Special scholarship for children who lost a parent to COVID-19, run by this Department. The page is one guideline PDF and a shouted title.","Annual Report 2025-26, ch.3 §3.26; Notes on Demands for Grants 2026-27, Demand No.93 25 — the Department runs a special scholarship for PM CARES children."
"110","Scholarship for Technical and Professional Courses","https://www.dosje.gov.in/schemes-and-services/scholarship-for-technical-and-professional-courses/","No","A State Government scheme","A State Government — not named on the page","DWBDNC → State schemes directory","A State scholarship for technical and professional courses; the income ceilings are a State's.","Record's own text: a State scholarship with State income ceilings. Not in Annual Report 2025-26, ch.3; no line in Notes on Demands for Grants 2026-27, Demand No.93."
"111","Scholarships for Higher Education for Young Achievers Scheme (SHREYAS) (OBC &Others) – 2021-22 to 2025-26.","https://www.dosje.gov.in/schemes-and-services/scholarships-for-higher-education-for-young-achievers-scheme-shreyas-obc-others-2021-22-to-2025-26/","Yes — a component of another scheme","A scheme of this Department","Department of Social Justice & Empowerment","Nest under PM-YASASVI; write the description","SHREYAS for OBCs. The page is a documents table, and the scheme is one of PM-YASASVI's five sub-schemes.","Annual Report 2025-26, ch.3 §3.18-3.24; Notes on Demands for Grants 2026-27, Demand No.93 13.01-13.02 and 30.01-30.05. SHREYAS for OBCs is the family inside PM-YASASVI."
"112","Scholarships for Post Matric Students","https://www.dosje.gov.in/schemes-and-services/scholarships-for-post-matric-students/","No","A State Government scheme","A State Government — not named on the page","DWBDNC → State schemes directory","A State post-matric scholarship; ""PUC"" is a State's term.","Record's own text: a State post-matric scholarship; ""PUC"" is a State's term. Not in Annual Report 2025-26, ch.3; no line in Notes on Demands for Grants 2026-27, Demand No.93."
"113","Seed – Free Coaching","https://www.dosje.gov.in/schemes-and-services/seed-free-coaching/","Yes","A scheme of this Department","Department of Social Justice & Empowerment","Stays; nest the four SEED components under SEED","SEED — the Department's scheme for economic empowerment of DNT communities. The page is 24 KB of pasted guideline text.","Annual Report 2025-26, ch.3 §3.30; Notes on Demands for Grants 2026-27, Demand No.93 14; PIB Year-End Review 2025."
"114","SEED – Health Insurance","https://www.dosje.gov.in/schemes-and-services/seed-health-insurance/","Yes — a component of another scheme","A scheme of this Department","Department of Social Justice & Empowerment","Nest under SEED","SEED component, delivered through Ayushman Bharat.","Annual Report 2025-26, ch.3 §3.30 — SEED's health-insurance component, delivered through Ayushman Bharat."
"115","Seed – Housing","https://www.dosje.gov.in/schemes-and-services/seed-housing/","Yes — a component of another scheme","A scheme of this Department","Department of Social Justice & Empowerment","Nest under SEED","SEED component, delivered through PM-AWAS.","Annual Report 2025-26, ch.3 §3.30 — SEED's housing component, delivered through PM-AWAS."
"116","Seed – Livelihood","https://www.dosje.gov.in/schemes-and-services/seed-livelihood/","Yes — a component of another scheme","A scheme of this Department","Department of Social Justice & Empowerment","Nest under SEED","SEED component, delivered through NRLM/NULM. Carries the SHRESHTA standfirst by mistake.","Annual Report 2025-26, ch.3 §3.30 — SEED's livelihood component, delivered through NRLM/NULM."
"117","Schemes Implemented By National Safai Karamcharis Finance & Development Corporation","https://www.dosje.gov.in/schemes-and-services/self-employment-scheme-for-rehabilitation-of-manual-scavengers-srms-applicable-from-november-2013/","No","A duplicate listing","NSKFDC","Delete","Empty page whose title is another record's and whose address is a third scheme's.","Empty page carrying record 108's title and a third scheme's web address."
"118","Self Employment Scheme for Rehabilitation of Manual Scavengers (SRMS) – Applicable from November, 2013","https://www.dosje.gov.in/schemes-and-services/self-employment-scheme-for-rehabilitation-of-manual-scavengers-srms-applicable-from-november-2013-3/","To confirm","Status unconfirmed","Not stated on the page","Archive with a note; 301 to NAMASTE","Empty page. SRMS was subsumed into NAMASTE from 2023-24; its components now sit inside NAMASTE.","Annual Report 2025-26, ch.3 §3.11 records SRMS as subsumed into NAMASTE from 2023-24. The page is empty."
"119","Seniorcare Ageing Growth Engine (SAGE)","https://www.dosje.gov.in/schemes-and-services/seniorcare-ageing-growth-engine-sage/","Yes — a component of another scheme","A scheme of this Department","Department of Social Justice & Empowerment","Stays","An AVYAY initiative for senior-care start-ups.","An AVYAY initiative. Not separately cited in Annual Report 2025-26, ch.3 §3.14 A-F; the record itself names AVYAY as its parent."
"120","Skill Development Training Programmes of NSKFDC and Achievements","https://www.dosje.gov.in/schemes-and-services/skill-development-training-programmes-of-nskfdc-and-achievements/","No","A status or achievement table","NSKFDC","Dashboard / Statistics, or NSKFDC → Achievements","Empty page. Training numbers and achievements of a corporation.","The record's own title is a status/achievement table and the body is empty."
"121","Special Incentives for Pre-Matric Students","https://www.dosje.gov.in/schemes-and-services/special-incentives-for-pre-matric-students/","No","A State Government scheme","A State Government — not named on the page","DWBDNC → State schemes directory","A State pre-matric incentive.","Record's own text: a State pre-matric incentive. Not in Annual Report 2025-26, ch.3; no line in Notes on Demands for Grants 2026-27, Demand No.93."
"122","State Action Plan for Senior Citizens (SAPSrC)","https://www.dosje.gov.in/schemes-and-services/state-action-plan-for-senior-citizens-sapsrc/","Yes — a component of another scheme","A scheme of this Department","Department of Social Justice & Empowerment","Stays","AVYAY component funding State action plans under the Maintenance and Welfare of Parents and Senior Citizens Act 2007.","Annual Report 2025-26, ch.3 §3.14 — the AVYAY component funding State action plans under the Maintenance and Welfare of Parents and Senior Citizens Act 2007."
"123","State Scholarship Class 6th to 10th","https://www.dosje.gov.in/schemes-and-services/state-scholarship-class-6th-to-10th/","No","A State Government scheme","Government of Madhya Pradesh (stated on the page)","DWBDNC → State schemes directory (Madhya Pradesh)","Madhya Pradesh — paid through the Directorate of Public Instruction.","Record's own text: Madhya Pradesh; paid through the Directorate of Public Instruction. Not in Annual Report 2025-26, ch.3; no line in Notes on Demands for Grants 2026-27, Demand No.93."
"124","Status of Loan Application for Rehabilitation of Manual Scavengers","https://www.dosje.gov.in/schemes-and-services/status-of-loan-application-for-rehabilitation-of-manual-scavengers/","No","A status or achievement table","NSKFDC","Dashboard / Statistics","Empty page. A loan-application status table.","The record's own title is a status/achievement table and the body is empty."
"125","Status of Self Employment Scheme for Rehabilitation of Manual Scavengers as on 30 April,2018","https://www.dosje.gov.in/schemes-and-services/status-of-self-employment-scheme-for-rehabilitation-of-manual-scavengers-as-on-30-april2018/","No","A status or achievement table","NSKFDC","Dashboard / Statistics, or retire","Empty page. A status table as on 30 April 2018 — eight years stale, for a scheme since subsumed.","The record's own title is a status/achievement table and the body is empty. Its own cut-off is 30 April 2018, for a scheme since subsumed."
"126","Support for Marginalized Individuals for Livelihood and Enterprise (SMILE)","https://www.dosje.gov.in/schemes-and-services/support-for-marginalized-individuals-for-livelihood-and-enterprise-smile/","Yes","A scheme of this Department","Department of Social Justice & Empowerment","Stays; add the two sub-schemes","Central Sector umbrella with two sub-schemes — begging and transgender persons. Neither sub-scheme is listed separately.","Annual Report 2025-26, ch.3 §3.16 and §3.17; Notes on Demands for Grants 2026-27, Demand No.93 15.01-15.02; PIB Year-End Review 2025."
"127","Swachhta Udyami Yojana (SUY)","https://www.dosje.gov.in/schemes-and-services/swachhta-udyami-yojana-suy/","No","A corporation s loan product or activity","NSKFDC","Organisation → NSKFDC → Loan schemes; link from NAMASTE","NSKFDC financing for sanitation vehicles; also a NAMASTE component.","The record's own text names NSKFDC as the lender. NSKFDC's lending is reported in Annual Report 2025-26, ch.3 §3.35 as the corporation's activity, not as a Department scheme; no scheme line in Notes on Demands for Grants 2026-27, Demand No.93. Also a NAMASTE component (Annual Report 2025-26, ch.3 §3.11)."
"128","Talent Pool Scheme for DNTs","https://www.dosje.gov.in/schemes-and-services/talent-pool-scheme-for-dnts/","No","A State Government scheme","A State Government — not named on the page","DWBDNC → State schemes directory","A State DNT talent scheme.","Record's own text: a State DNT talent scheme. Not in Annual Report 2025-26, ch.3; no line in Notes on Demands for Grants 2026-27, Demand No.93."
"129","Technology Upgradation of Clusters","https://www.dosje.gov.in/schemes-and-services/technology-upgradation-of-clusters/","To confirm","Status unconfirmed","Not stated on the page","Delete unless the Department claims it","Empty page. No owner, no text, no clue which corporation or State it belongs to.","Empty page. No body, no administering organisation, no State — unattributable as it stands."
"130","Top Class Education in College for OBC EBC and DNT Students","https://www.dosje.gov.in/schemes-and-services/top-class-education-in-colllege-for-obc-ebc-and-dnt-students/","Yes — a component of another scheme","A scheme of this Department","Department of Social Justice & Empowerment","Nest under PM-YASASVI; write the description","A PM-YASASVI sub-scheme. The page is a documents table with no description.","Annual Report 2025-26, ch.3 §3.21; Notes on Demands for Grants 2026-27, Demand No.93 30.04 — a PM-YASASVI sub-scheme."
"131","Training of Motor Driving to VJNT, SBC & OBCs","https://www.dosje.gov.in/schemes-and-services/training-of-motor-driving-to-vjnt-sbc-obcs/","No","A State Government scheme","Government of Maharashtra (inferred)","DWBDNC → State schemes directory (Maharashtra)","Maharashtra — VJNT/SBC/OBC driving and conductor training.","Record's own text: VJNT/SBC are the category names used by Maharashtra, not by the Union. Not in Annual Report 2025-26, ch.3; no line in Notes on Demands for Grants 2026-27, Demand No.93."
"132","Tuition Fees and Examination Fees for VJNT/SBC Students studying in High Schools","https://www.dosje.gov.in/schemes-and-services/tuition-fees-and-examination-fees-for-vjnt-sbc-students-studying-in-high-schools/","No","A State Government scheme","Government of Maharashtra (inferred)","DWBDNC → State schemes directory (Maharashtra)","Maharashtra — VJNT/SBC tuition and examination fees.","Record's own text: VJNT/SBC are the category names used by Maharashtra, not by the Union. Not in Annual Report 2025-26, ch.3; no line in Notes on Demands for Grants 2026-27, Demand No.93."
"133","Tution Fee Reimbusrment Scheme of Sainik School/ Public Schools","https://www.dosje.gov.in/schemes-and-services/tution-fee-reimbusrment-scheme-of-sainik-school-public-schools/","No","A State Government scheme","A State Government — not named on the page","DWBDNC → State schemes directory","A State fee-reimbursement scheme; two lines of text.","Record's own text: a State fee-reimbursement scheme. Not in Annual Report 2025-26, ch.3; no line in Notes on Demands for Grants 2026-27, Demand No.93."
"134","Udyam Nidhi Yojana","https://www.dosje.gov.in/schemes-and-services/udyam-nidhi-yojana/","No","A corporation s loan product or activity","NSFDC","Organisation → NSFDC → Loan schemes","NSFDC loan product through cooperative societies and banks.","The record's own text names NSFDC as the lender. NSFDC's lending is reported in Annual Report 2025-26, ch.3 §3.34 as the corporation's activity, not as a Department scheme; no scheme line in Notes on Demands for Grants 2026-27, Demand No.93."
"135","Uniform Assistance Scheme","https://www.dosje.gov.in/schemes-and-services/uniform-assistance-scheme/","No","A State Government scheme","A State Government — not named on the page","DWBDNC → State schemes directory","A State uniform allowance of Rs 300.","Record's own text: a State uniform allowance of Rs 300. Not in Annual Report 2025-26, ch.3; no line in Notes on Demands for Grants 2026-27, Demand No.93."
"136","Upgadation Of Merit Of SC Students","https://www.dosje.gov.in/schemes-and-services/upgadation-of-merit-of-sc-students/","To confirm","Status unconfirmed","Not stated on the page","Confirm with the Department; archive if closed","A Union scheme transferred from the Ministry of Human Resource Development in 1993-94, but it has no line in the Demand for Grants 2026-27.","The record itself says the scheme was transferred from the Ministry of Human Resource Development in 1993-94. Not in Annual Report 2025-26, ch.3; no line in Notes on Demands for Grants 2026-27, Demand No.93."
"137","Vimukt Jaati Basti Development Scheme","https://www.dosje.gov.in/schemes-and-services/vimukt-jaati-basti-development-scheme/","No","A State Government scheme","A State Government — not named on the page","DWBDNC → State schemes directory","A State DNT basti infrastructure scheme.","Record's own text: a State DNT basti infrastructure scheme. Not in Annual Report 2025-26, ch.3; no line in Notes on Demands for Grants 2026-27, Demand No.93."
"138","Vimukt Jati Hostel Scheme","https://www.dosje.gov.in/schemes-and-services/vimukt-jati-hostel-scheme/","No","A State Government scheme","Government of Maharashtra (inferred)","DWBDNC → State schemes directory (Maharashtra)","Maharashtra — Vimukt Jati hostels.","Record's own text: VJNT/SBC are the category names used by Maharashtra, not by the Union. Not in Annual Report 2025-26, ch.3; no line in Notes on Demands for Grants 2026-27, Demand No.93."
"139","Vocational Training for VJNT and SBC candidates studying in Government Industrial Training Institute.","https://www.dosje.gov.in/schemes-and-services/vocational-training-for-vjnt-and-sbc-candidates-studying-in-government-industrial-training-institute/","No","A State Government scheme","Government of Maharashtra (inferred)","DWBDNC → State schemes directory (Maharashtra)","Maharashtra — VJNT/SBC vocational training in government ITIs.","Record's own text: VJNT/SBC are the category names used by Maharashtra, not by the Union. Not in Annual Report 2025-26, ch.3; no line in Notes on Demands for Grants 2026-27, Demand No.93."
"140","Workshops/Job Fairs","https://www.dosje.gov.in/schemes-and-services/workshops-job-fairs/","No","A corporation s loan product or activity","NSKFDC","Organisation → NSKFDC → Activities","NSKFDC workshops and job fairs run by its channelising agencies.","The record's own text names NSKFDC as the lender. NSKFDC's lending is reported in Annual Report 2025-26, ch.3 §3.35 as the corporation's activity, not as a Department scheme; no scheme line in Notes on Demands for Grants 2026-27, Demand No.93. Workshops and job fairs run by its channelising agencies."
